<wfState parentWizardPath="C:/MentorGraphics/ODB++_Inside_Cadence_Allegro/brd2odb_dir/sys/wizards/brd2odb.xmlz">
    <variables>
        <variable name="bRemoveCompDetails" value="false"/>
        <variable name="out_job_full_path" value="C:/USERS/ACER/DOCUMENTS/HARDWARE_DESIGN/PROJECT5_BUCK_BOOST_BATTERY_CHARGER/allegro/buck_boost_charger"/>
        <variable name="oInvocationMode" value="cam_compare"/>
        <variable name="bFi" value="no"/>
        <variable name="oCompression" value="directory"/>
        <variable name="bSilk" value="true"/>
        <variable name="pOutputPath" value="C:/USERS/ACER/DOCUMENTS/HARDWARE_DESIGN/PROJECT5_BUCK_BOOST_BATTERY_CHARGER/allegro"/>
        <variable name="oVersion" value="v8"/>
        <variable name="intSTATUS" value="0"/>
        <variable name="tLogName" value="brd2odb_log"/>
        <variable name="textCurrentDC" value=""/>
        <variable name="tSilk" value="ss"/>
        <variable name="bBb" value="no"/>
        <variable name="bDrillRout" value="true"/>
        <variable name="oNetNoneFlag" value="yes"/>
        <variable name="tInner" value="inn_cpr"/>
        <variable name="tUdb" value=""/>
        <variable name="bInner" value="true"/>
        <variable name="bSolderP" value="true"/>
        <variable name="pLogPath" value="${pEDASourcePath}"/>
        <variable name="tMiscellaneous" value="misc"/>
        <variable name="tPhysicalNets" value="phys_nets"/>
        <variable name="bDelete" value="false"/>
        <variable name="oTm" value="default"/>
        <variable name="tOuter" value="out_cpr"/>
        <variable name="pMatrixFile" value=""/>
        <variable name="oPadflash" value="ignore"/>
        <variable name="bSuppressPads" value="no"/>
        <variable name="tRemoveCompDetails" value=""/>
        <variable name="bSolderName" value="no"/>
        <variable name="pTf" value=""/>
        <variable name="tOutDesignName" value="buck_boost_charger"/>
        <variable name="oSkipRefdes" value="no"/>
        <variable name="bReadDrc" value="no"/>
        <variable name="fOutline" value="0.1"/>
        <variable name="bMiscellaneous" value="true"/>
        <variable name="bHelpGui" value="false"/>
        <variable name="boolIsDirectMode" value="true"/>
        <variable name="oASM" value="fatf"/>
        <variable name="bDoc" value="true"/>
        <variable name="bUsePanel" value="no"/>
        <variable name="bSupportOutdatedFiles" value="no"/>
        <variable name="bRemoveEDA" value="false"/>
        <variable name="bVerify" value="false"/>
        <variable name="oComponent" value="place_bound"/>
        <variable name="tDiodPin1Name" value=""/>
        <variable name="bVer" value="false"/>
        <variable name="listDBList" value=""/>
        <variable name="tSolderM" value="sm"/>
        <variable name="tUdt" value=""/>
        <variable name="bPhysicalNets" value="true"/>
        <variable name="bAssem" value="false"/>
        <variable name="oTrSym" value="no"/>
        <variable name="bThermalError" value="no"/>
        <variable name="elDPRS" value=""/>
        <variable name="bRoundCorners" value="no"/>
        <variable name="tActualDesignPath" value=""/>
        <variable name="oApplicationUnits" value="inch"/>
        <variable name="tFlexMaterialList" value=""/>
        <variable name="tDoc" value="doc"/>
        <variable name="bNetlist" value="false"/>
        <variable name="textCOMANS" value="-1"/>
        <variable name="elJOB" value="buck_boost_charger"/>
        <variable name="bReadRegion" value="yes"/>
        <variable name="pAifFile" value=""/>
        <variable name="bBoundary" value="no"/>
        <variable name="pReadConfig" value=""/>
        <variable name="bNeutNets" value="true"/>
        <variable name="oExport" value="full"/>
        <variable name="bSuppressR0" value="no"/>
        <variable name="bSilkFill" value="no"/>
        <variable name="eModels" value=""/>
        <variable name="oReadSqa" value="no"/>
        <variable name="bMoreOpt" value="false"/>
        <variable name="eResp" value="C:/MentorGraphics/ODB++_Inside_Cadence_Allegro/brd2odb_dir/tmp/files_list-genesis186a8.desktop-mg1kdhg.7692"/>
        <variable name="bGuiMode" value="true"/>
        <variable name="tUdr" value=""/>
        <variable name="oSuppress" value="no"/>
        <variable name="oProfileSymbolType" value="r"/>
        <variable name="pEDASourcePath" value="C:/USERS/ACER/DOCUMENTS/HARDWARE_DESIGN/PROJECT5_BUCK_BOOST_BATTERY_CHARGER/allegro/buck_boost_charger.brd"/>
        <variable name="elSTEP" value="stp"/>
        <variable name="bIff" value="no"/>
        <variable name="bRemoveRedundantDielectric" value="yes"/>
        <variable name="bHelp" value="false"/>
        <variable name="textCurrentMode" value="standard"/>
        <variable name="oEDA" value="mentor_boardstation"/>
        <variable name="tSolderP" value="sp"/>
        <variable name="tCompPackageLogicalNet" value="eda"/>
        <variable name="bOuter" value="true"/>
        <variable name="bVwr" value="true"/>
        <variable name="fMatch" value="0.2"/>
        <variable name="bSolderM" value="true"/>
        <variable name="tDrillRout" value="th"/>
        <variable name="bJobExist" value="false"/>
        <variable name="bFab" value="false"/>
    </variables>
    <stages>
        <stage name="Settings_Preferences" skip="false"/>
    </stages>
    <executionState designCenter="" nextStageIndex="0" nextStageName="Settings_Preferences" nextBlockIndex="7" nextCmdIndex="34" running="true" executionMode="standard"/>
</wfState>
